Timestamp,Classification,Accuracy
2023-01-31 01:46:06,Synthesizer,19.92
2023-01-31 01:46:07,Hum,10.94
2023-01-31 01:46:11,"Inside, small room",5.86
2023-01-31 01:46:12,"Inside, small room",5.86
2023-01-31 01:46:15,Vehicle,5.86
2023-01-31 01:46:16,Speech,5.86
2023-01-31 01:46:18,Speech,5.86
2023-01-31 01:46:19,Synthesizer,4.3
2023-01-31 01:46:21,Speech,5.86
2023-01-31 01:46:23,Speech,4.3
2023-01-31 01:46:24,Speech,5.86
2023-01-31 01:46:26,Vehicle,5.86
2023-01-31 01:46:27,Speech,5.86
2023-01-31 01:46:29,Speech,8.2
2023-01-31 01:46:30,Speech,3.12
2023-01-31 01:46:32,Speech,4.3
2023-01-31 01:46:33,Speech,8.2
2023-01-31 01:46:34,"Inside, small room",4.3
2023-01-31 01:46:35,Speech,5.86
2023-01-31 01:46:38,Speech,5.86
2023-01-31 01:46:39,Aircraft,14.84
2023-01-31 01:46:40,Microwave oven,14.84
2023-01-31 01:46:43,"Inside, small room",8.2
2023-01-31 01:46:44,Cacophony,10.94
2023-01-31 01:46:47,Speech,3.12
2023-01-31 01:46:48,Synthesizer,19.92
2023-01-31 01:46:49,Speech,4.3
2023-01-31 01:46:52,Synthesizer,41.41
2023-01-31 01:46:53,Synthesizer,41.41
2023-01-31 01:46:56,Synthesizer,33.2
2023-01-31 01:46:57,Cacophony,33.2
2023-01-31 01:47:01,Speech,3.12
2023-01-31 01:47:02,Synthesizer,19.92
2023-01-31 01:47:03,"Inside, small room",5.86
2023-01-31 01:47:06,Synthesizer,5.86
2023-01-31 01:47:07,Noise,14.84
2023-01-31 01:47:10,Synthesizer,19.92
2023-01-31 01:47:11,Speech,4.3
2023-01-31 01:47:14,"Inside, small room",10.94
2023-01-31 01:47:15,Synthesizer,26.17
2023-01-31 01:47:18,Synthesizer,50.0
2023-01-31 01:47:19,Cacophony,8.2
2023-01-31 01:47:22,Speech,4.3
2023-01-31 01:47:23,Synthesizer,4.3
2023-01-31 01:47:25,White noise,8.2
2023-01-31 01:47:28,Synthesizer,10.94
2023-01-31 01:47:29,Synthesizer,26.17
2023-01-31 01:47:32,Synthesizer,19.92
2023-01-31 01:47:33,Vehicle,14.84
2023-01-31 01:47:36,Synthesizer,26.17
2023-01-31 01:47:37,Synthesizer,26.17
2023-01-31 01:47:41,Synthesizer,19.92
2023-01-31 01:47:42,Synthesizer,26.17
2023-01-31 01:47:45,Synthesizer,33.2
2023-01-31 01:47:46,Noise,10.94
2023-01-31 01:47:49,Synthesizer,33.2
2023-01-31 01:47:50,Synthesizer,41.41
2023-01-31 01:47:54,Synthesizer,26.17
2023-01-31 01:47:55,Noise,14.84
2023-01-31 01:47:58,Synthesizer,33.2
2023-01-31 01:47:59,Aircraft,14.84
2023-01-31 01:48:02,Synthesizer,14.84
2023-01-31 01:48:03,Speech,5.86
2023-01-31 01:48:06,"Inside, small room",5.86
2023-01-31 01:48:07,Synthesizer,14.84
2023-01-31 01:48:10,Synthesizer,33.2
2023-01-31 01:48:11,Noise,26.17
2023-01-31 01:48:14,Speech,5.86
2023-01-31 01:48:15,"Inside, small room",5.86
2023-01-31 01:48:17,Speech,8.2
2023-01-31 01:48:19,"Inside, small room",4.3
2023-01-31 01:48:20,Noise,41.41
2023-01-31 01:48:23,Synthesizer,33.2
2023-01-31 01:48:24,Synthesizer,19.92
2023-01-31 01:48:28,Synthesizer,10.94
2023-01-31 01:48:29,Synthesizer,14.84
2023-01-31 01:48:32,"Inside, small room",8.2
2023-01-31 01:48:33,Noise,14.84
2023-01-31 01:48:36,Synthesizer,33.2
2023-01-31 01:48:37,Speech,3.12
2023-01-31 01:48:40,Cat,8.2
2023-01-31 01:48:41,Synthesizer,10.94
2023-01-31 01:48:44,Synthesizer,14.84
2023-01-31 01:48:45,Synthesizer,5.86
2023-01-31 01:48:48,White noise,5.86
2023-01-31 01:48:50,"Inside, small room",4.3
2023-01-31 01:48:53,Synthesizer,58.59
2023-01-31 01:48:54,Synthesizer,26.17
2023-01-31 01:48:57,Synthesizer,41.41
2023-01-31 01:48:58,Synthesizer,14.84
2023-01-31 01:49:02,Synthesizer,19.92
2023-01-31 01:49:03,Synthesizer,10.94
2023-01-31 01:49:06,Noise,14.84
2023-01-31 01:49:07,Synthesizer,8.2
2023-01-31 01:49:10,Synthesizer,26.17
2023-01-31 01:49:11,Noise,26.17
2023-01-31 01:49:15,Sound effect,4.3
2023-01-31 01:49:16,Speech,5.86
2023-01-31 01:49:18,Vehicle,10.94
2023-01-31 01:49:19,Synthesizer,41.41
2023-01-31 01:49:22,Speech,4.3
2023-01-31 01:49:23,Cacophony,14.84
2023-01-31 01:49:25,Speech,5.86
2023-01-31 01:49:27,Synthesizer,33.2
2023-01-31 01:49:28,Synthesizer,50.0
2023-01-31 01:49:31,Synthesizer,8.2
2023-01-31 01:49:32,Cacophony,19.92
2023-01-31 01:49:36,Synthesizer,10.94
2023-01-31 01:49:37,Cacophony,19.92
2023-01-31 01:49:40,Synthesizer,41.41
2023-01-31 01:49:41,Speech,5.86
2023-01-31 01:49:43,Synthesizer,14.84
2023-01-31 01:49:44,Cacophony,14.84
2023-01-31 01:49:48,Vehicle,4.3
2023-01-31 01:49:49,Speech,4.3
2023-01-31 01:49:51,Synthesizer,14.84
2023-01-31 01:49:52,Synthesizer,19.92
2023-01-31 01:49:55,Vehicle,5.86
2023-01-31 01:49:56,Speech,26.17
2023-01-31 01:49:59,"Inside, small room",14.84
2023-01-31 01:50:00,Synthesizer,41.41
2023-01-31 01:50:03,Cat,10.94
2023-01-31 01:50:04,Cacophony,26.17
2023-01-31 01:50:07,Speech,5.86
2023-01-31 01:50:08,White noise,10.94
2023-01-31 01:50:10,Speech,8.2
2023-01-31 01:50:12,Synthesizer,5.86
2023-01-31 01:50:13,Cacophony,19.92
2023-01-31 01:50:16,Synthesizer,14.84
2023-01-31 01:50:17,Microwave oven,8.2
2023-01-31 01:50:20,Synthesizer,19.92
2023-01-31 01:50:22,Speech,5.86
2023-01-31 01:50:24,Synthesizer,19.92
2023-01-31 01:50:25,Vehicle,19.92
2023-01-31 01:50:28,Speech,8.2
2023-01-31 01:50:29,Speech,5.86
2023-01-31 01:50:31,Vehicle,8.2
2023-01-31 01:50:32,Vehicle,4.3
2023-01-31 01:50:35,Cat,5.86
2023-01-31 01:50:36,Noise,10.94
2023-01-31 01:50:39,Synthesizer,19.92
2023-01-31 01:50:40,Synthesizer,14.84
2023-01-31 01:50:44,"Inside, small room",5.86
2023-01-31 01:50:45,Noise,14.84
2023-01-31 01:50:48,"Inside, small room",8.2
2023-01-31 01:50:49,Aircraft,8.2
2023-01-31 01:50:52,"Inside, small room",5.86
2023-01-31 01:50:53,Synthesizer,10.94
2023-01-31 01:50:56,Synthesizer,5.86
2023-01-31 01:50:57,Cacophony,10.94
2023-01-31 01:51:01,Noise,5.86
2023-01-31 01:51:02,Speech,3.12
2023-01-31 01:51:04,Speech,3.12
2023-01-31 01:51:05,Synthesizer,41.41
2023-01-31 01:51:06,Speech,4.3
2023-01-31 01:51:09,"Inside, small room",8.2
2023-01-31 01:51:10,Noise,10.94
2023-01-31 01:51:13,Synthesizer,41.41
2023-01-31 01:51:14,Cacophony,14.84
2023-01-31 01:51:17,Synthesizer,41.41
2023-01-31 01:51:18,Synthesizer,14.84
2023-01-31 01:51:22,"Inside, small room",5.86
2023-01-31 01:51:23,Cacophony,5.86
2023-01-31 01:51:26,Synthesizer,26.17
2023-01-31 01:51:27,Speech,5.86
2023-01-31 01:51:29,Cat,10.94
2023-01-31 01:51:30,Synthesizer,19.92
2023-01-31 01:51:34,Speech,4.3
2023-01-31 01:51:35,Synthesizer,8.2
2023-01-31 01:51:36,Cat,10.94
2023-01-31 01:51:39,Microwave oven,4.3
2023-01-31 01:51:40,Cacophony,5.86
2023-01-31 01:51:44,"Inside, small room",8.2
2023-01-31 01:51:45,White noise,5.86
2023-01-31 01:51:48,Synthesizer,41.41
2023-01-31 01:51:49,Synthesizer,19.92
2023-01-31 01:51:52,Synthesizer,10.94
2023-01-31 01:51:53,Synthesizer,14.84
2023-01-31 01:51:57,Synthesizer,26.17
2023-01-31 01:51:58,White noise,8.2
2023-01-31 01:52:01,Synthesizer,26.17
2023-01-31 01:52:02,Synthesizer,14.84
2023-01-31 01:52:05,"Inside, small room",5.86
2023-01-31 01:52:06,"Inside, small room",4.3
2023-01-31 01:52:10,Synthesizer,10.94
2023-01-31 01:52:11,"Inside, small room",5.86
2023-01-31 01:52:14,Speech,3.12
2023-01-31 01:52:15,Synthesizer,8.2
2023-01-31 01:52:16,Speech,3.12
2023-01-31 01:52:19,Cat,8.2
2023-01-31 01:52:20,Synthesizer,5.86
2023-01-31 01:52:23,Synthesizer,19.92
2023-01-31 01:52:24,Cacophony,8.2
2023-01-31 01:52:27,Synthesizer,14.84
2023-01-31 01:52:28,Hum,5.86
2023-01-31 01:52:32,Synthesizer,33.2
2023-01-31 01:52:33,Vehicle,8.2
2023-01-31 01:52:36,Synthesizer,4.3
2023-01-31 01:52:37,White noise,26.17
2023-01-31 01:52:40,Synthesizer,33.2
2023-01-31 01:52:41,Speech,4.3
2023-01-31 01:52:44,"Inside, small room",8.2
2023-01-31 01:52:45,Cacophony,5.86
2023-01-31 01:52:48,Synthesizer,26.17
2023-01-31 01:52:49,Music,3.12
2023-01-31 01:52:52,Cat,8.2
2023-01-31 01:52:53,Speech,5.86
2023-01-31 01:52:56,"Inside, small room",5.86
2023-01-31 01:52:57,Synthesizer,19.92
2023-01-31 01:53:00,Microwave oven,4.3
2023-01-31 01:53:01,Music,4.3
2023-01-31 01:53:04,Noise,8.2
2023-01-31 01:53:05,Synthesizer,10.94
2023-01-31 01:53:09,Speech,3.12
2023-01-31 01:53:10,Speech,4.3
2023-01-31 01:53:11,Microwave oven,5.86
2023-01-31 01:53:12,Speech,8.2
2023-01-31 01:53:15,"Inside, small room",8.2
2023-01-31 01:53:16,Synthesizer,5.86
2023-01-31 01:53:19,Speech,4.3
2023-01-31 01:53:20,Cacophony,4.3
2023-01-31 01:53:21,Speech,4.3
2023-01-31 01:53:24,Speech,3.12
2023-01-31 01:53:25,Synthesizer,19.92
2023-01-31 01:53:26,Speech,5.86
2023-01-31 01:53:28,Keyboard (musical),8.2
2023-01-31 01:53:29,Cacophony,19.92
2023-01-31 01:53:33,"Inside, small room",4.3
2023-01-31 01:53:34,Sound effect,5.86
2023-01-31 01:53:37,Synthesizer,41.41
2023-01-31 01:53:38,Synthesizer,19.92
2023-01-31 01:53:42,"Inside, small room",10.94
2023-01-31 01:53:43,"Inside, small room",5.86
2023-01-31 01:53:46,"Inside, small room",8.2
2023-01-31 01:53:47,Noise,19.92
2023-01-31 01:53:50,Synthesizer,19.92
2023-01-31 01:53:51,White noise,10.94
2023-01-31 01:53:54,Microwave oven,8.2
2023-01-31 01:53:55,Speech,3.12
2023-01-31 01:53:58,Synthesizer,8.2
2023-01-31 01:53:59,Cacophony,5.86
2023-01-31 01:54:02,Microwave oven,4.3
2023-01-31 01:54:03,Vehicle,5.86
2023-01-31 01:54:06,Synthesizer,33.2
2023-01-31 01:54:07,Noise,19.92
2023-01-31 01:54:11,Synthesizer,41.41
2023-01-31 01:54:12,Cacophony,19.92
2023-01-31 01:54:15,"Inside, small room",8.2
2023-01-31 01:54:16,Cacophony,19.92
2023-01-31 01:54:19,Speech,3.12
2023-01-31 01:54:20,Cacophony,41.41
2023-01-31 01:54:21,Speech,3.12
2023-01-31 01:54:24,Music,3.12
2023-01-31 01:54:25,Cacophony,26.17
2023-01-31 01:54:28,"Inside, small room",8.2
2023-01-31 01:54:29,"Inside, small room",8.2
2023-01-31 01:54:32,"Inside, small room",8.2
2023-01-31 01:54:33,Cacophony,26.17
2023-01-31 01:54:36,"Inside, small room",4.3
2023-01-31 01:54:37,Cacophony,5.86
2023-01-31 01:54:41,Synthesizer,10.94
2023-01-31 01:54:42,White noise,14.84
2023-01-31 01:54:45,Synthesizer,10.94
2023-01-31 01:54:46,Noise,19.92
2023-01-31 01:54:49,Synthesizer,19.92
2023-01-31 01:54:50,Synthesizer,5.86
2023-01-31 01:54:54,"Inside, small room",10.94
2023-01-31 01:54:55,Speech,8.2
2023-01-31 01:54:57,"Inside, small room",4.3
2023-01-31 01:54:58,Cacophony,8.2
2023-01-31 01:55:01,Synthesizer,10.94
2023-01-31 01:55:02,Noise,4.3
2023-01-31 01:55:06,Synthesizer,14.84
2023-01-31 01:55:07,Cacophony,33.2
2023-01-31 01:55:10,Cat,14.84
2023-01-31 01:55:11,Noise,14.84
2023-01-31 01:55:14,"Inside, small room",8.2
2023-01-31 01:55:15,Speech,4.3
2023-01-31 01:55:18,"Inside, small room",5.86
2023-01-31 01:55:19,Music,4.3
2023-01-31 01:55:22,Synthesizer,26.17
2023-01-31 01:55:23,Speech,5.86
2023-01-31 01:55:26,Music,4.3
2023-01-31 01:55:27,Speech,5.86
2023-01-31 01:55:29,"Inside, small room",5.86
2023-01-31 01:55:30,Cacophony,14.84
2023-01-31 01:55:33,Speech,5.86
2023-01-31 01:55:34,Synthesizer,8.2
2023-01-31 01:55:36,Speech,5.86
2023-01-31 01:55:38,Speech,4.3
2023-01-31 01:55:39,Speech,4.3
2023-01-31 01:55:41,Vehicle,5.86
2023-01-31 01:55:42,Speech,5.86
2023-01-31 01:55:44,"Inside, small room",8.2
2023-01-31 01:55:45,Noise,26.17
2023-01-31 01:55:48,"Inside, small room",5.86
2023-01-31 01:55:49,Cacophony,8.2
2023-01-31 01:55:53,"Inside, small room",10.94
2023-01-31 01:55:54,Cacophony,5.86
2023-01-31 01:55:57,Synthesizer,14.84
2023-01-31 01:55:58,Synthesizer,10.94
2023-01-31 01:56:01,Synthesizer,19.92
2023-01-31 01:56:02,Cacophony,5.86
2023-01-31 01:56:06,"Inside, small room",10.94
2023-01-31 01:56:07,Speech,3.12
2023-01-31 01:56:09,Cat,4.3
2023-01-31 01:56:10,"Inside, small room",4.3
2023-01-31 01:56:13,Synthesizer,33.2
2023-01-31 01:56:14,"Inside, small room",5.86
2023-01-31 01:56:18,Synthesizer,5.86
2023-01-31 01:56:19,Cacophony,8.2
2023-01-31 01:56:22,White noise,5.86
2023-01-31 01:56:23,Microwave oven,5.86
2023-01-31 01:56:26,Sound effect,4.3
2023-01-31 01:56:27,Vehicle,5.86
2023-01-31 01:56:30,Synthesizer,58.59
2023-01-31 01:56:32,"Inside, small room",3.12
2023-01-31 01:56:35,"Domestic animals, pets",10.94
2023-01-31 01:56:36,White noise,8.2
2023-01-31 01:56:39,Synthesizer,10.94
2023-01-31 01:56:40,White noise,5.86
2023-01-31 01:56:43,Microwave oven,5.86
2023-01-31 01:56:44,Synthesizer,26.17
2023-01-31 01:56:48,Vehicle,3.12
2023-01-31 01:56:49,Speech,8.2
2023-01-31 01:56:51,Cacophony,5.86
2023-01-31 01:56:52,Noise,10.94
2023-01-31 01:56:55,Vehicle,5.86
2023-01-31 01:56:57,Speech,5.86
2023-01-31 01:56:59,"Inside, small room",8.2
2023-01-31 01:57:00,"Inside, small room",5.86
2023-01-31 01:57:03,Speech,5.86
2023-01-31 01:57:04,Music,5.86
2023-01-31 01:57:05,Speech,8.2
2023-01-31 01:57:08,Speech,3.12
2023-01-31 01:57:09,White noise,4.3
2023-01-31 01:57:10,Cacophony,14.84
2023-01-31 01:57:13,"Inside, small room",10.94
2023-01-31 01:57:14,Speech,5.86
2023-01-31 01:57:17,Speech,5.86
2023-01-31 01:57:18,Cat,8.2
2023-01-31 01:57:19,Speech,5.86
2023-01-31 01:57:21,"Inside, small room",5.86
2023-01-31 01:57:22,Speech,5.86
2023-01-31 01:57:25,Speech,5.86
2023-01-31 01:57:26,Microwave oven,5.86
2023-01-31 01:57:27,Speech,19.92
2023-01-31 01:57:29,"Inside, small room",8.2
2023-01-31 01:57:31,Synthesizer,14.84
2023-01-31 01:57:34,"Inside, small room",5.86
2023-01-31 01:57:35,"Inside, small room",5.86
2023-01-31 01:57:38,"Inside, small room",8.2
2023-01-31 01:57:39,"Inside, small room",4.3
2023-01-31 01:57:42,"Inside, small room",5.86
2023-01-31 01:57:44,Speech,3.12
2023-01-31 01:57:46,Vehicle,8.2
2023-01-31 01:57:47,"Inside, small room",4.3
2023-01-31 01:57:50,Cat,10.94
2023-01-31 01:57:51,Speech,4.3
2023-01-31 01:57:54,Cat,10.94
2023-01-31 01:57:55,Speech,4.3
2023-01-31 01:57:57,"Inside, small room",5.86
2023-01-31 01:57:58,Synthesizer,19.92
2023-01-31 01:58:01,"Inside, small room",10.94
2023-01-31 01:58:02,Speech,4.3
2023-01-31 01:58:05,"Inside, small room",5.86
2023-01-31 01:58:06,Noise,5.86
2023-01-31 01:58:09,Synthesizer,10.94
2023-01-31 01:58:10,Noise,5.86
2023-01-31 01:58:13,Synthesizer,8.2
2023-01-31 01:58:14,Speech,3.12
2023-01-31 01:58:17,Speech,5.86
2023-01-31 01:58:18,Vehicle,4.3
2023-01-31 01:58:19,Speech,5.86
2023-01-31 01:58:21,Synthesizer,19.92
2023-01-31 01:58:23,Synthesizer,26.17
2023-01-31 01:58:26,Synthesizer,41.41
2023-01-31 01:58:27,"Inside, small room",4.3
2023-01-31 01:58:30,"Inside, small room",4.3
2023-01-31 01:58:31,Speech,4.3
2023-01-31 01:58:34,"Inside, small room",5.86
2023-01-31 01:58:35,Speech,4.3
2023-01-31 01:58:37,Synthesizer,10.94
2023-01-31 01:58:38,Speech,4.3
2023-01-31 01:58:41,Synthesizer,26.17
2023-01-31 01:58:42,Speech,4.3
2023-01-31 01:58:44,Speech,5.86
2023-01-31 01:58:45,Vehicle,5.86
2023-01-31 01:58:47,"Inside, small room",8.2
2023-01-31 01:58:50,Speech,3.12
2023-01-31 01:58:51,Sound effect,4.3
2023-01-31 01:58:52,Speech,14.84
2023-01-31 01:58:55,Synthesizer,5.86
2023-01-31 01:58:56,Noise,10.94
2023-01-31 01:58:59,Speech,5.86
2023-01-31 01:59:00,Speech,4.3
2023-01-31 01:59:01,"Inside, small room",4.3
2023-01-31 01:59:03,Speech,5.86
2023-01-31 01:59:05,Speech,8.2
2023-01-31 01:59:06,Speech,4.3
2023-01-31 01:59:07,Speech,4.3
2023-01-31 01:59:09,Speech,5.86
2023-01-31 01:59:10,Speech,8.2
2023-01-31 01:59:11,Speech,8.2
2023-01-31 01:59:13,Vehicle,5.86
2023-01-31 01:59:14,Sound effect,4.3
2023-01-31 01:59:17,White noise,4.3
2023-01-31 01:59:18,Speech,5.86
2023-01-31 01:59:21,Speech,1.95
2023-01-31 01:59:22,Hum,8.2
2023-01-31 01:59:23,Microwave oven,5.86
2023-01-31 01:59:26,Microwave oven,4.3
2023-01-31 01:59:27,Speech,5.86
2023-01-31 01:59:30,Cacophony,8.2
2023-01-31 01:59:31,Synthesizer,10.94
2023-01-31 01:59:34,"Inside, small room",5.86
2023-01-31 01:59:35,"Inside, small room",5.86
2023-01-31 01:59:38,Cacophony,8.2
2023-01-31 01:59:39,"Inside, small room",5.86
2023-01-31 01:59:42,Synthesizer,33.2
2023-01-31 01:59:44,White noise,10.94
2023-01-31 01:59:47,"Inside, small room",8.2
2023-01-31 01:59:48,Cat,5.86
2023-01-31 01:59:51,"Inside, small room",5.86
2023-01-31 01:59:52,Speech,4.3
2023-01-31 01:59:54,"Inside, small room",8.2
2023-01-31 01:59:56,Speech,3.12
2023-01-31 01:59:58,"Inside, small room",5.86
2023-01-31 01:59:59,Noise,19.92
2023-01-31 02:00:02,Speech,5.86
2023-01-31 02:00:03,Speech,4.3
2023-01-31 02:00:05,Speech,4.3
2023-01-31 02:00:06,Speech,14.84
2023-01-31 02:00:07,"Inside, small room",5.86
2023-01-31 02:00:08,Speech,14.84
2023-01-31 02:00:11,Cat,26.17
2023-01-31 02:00:12,Speech,5.86
2023-01-31 02:00:14,Synthesizer,19.92
2023-01-31 02:00:15,"Inside, small room",5.86
2023-01-31 02:00:19,Synthesizer,14.84
2023-01-31 02:00:20,Speech,8.2
2023-01-31 02:00:22,Speech,10.94
2023-01-31 02:00:23,Speech,4.3
2023-01-31 02:00:25,"Inside, small room",4.3
2023-01-31 02:00:26,Speech,19.92
2023-01-31 02:00:28,"Inside, small room",8.2
2023-01-31 02:00:29,Synthesizer,14.84
2023-01-31 02:00:33,Synthesizer,19.92
2023-01-31 02:00:34,Speech,5.86
2023-01-31 02:00:36,Speech,8.2
2023-01-31 02:00:37,White noise,5.86
2023-01-31 02:00:39,Speech,8.2
2023-01-31 02:00:41,Cat,8.2
2023-01-31 02:00:42,"Inside, small room",5.86
2023-01-31 02:00:45,Explosion,8.2
2023-01-31 02:00:46,Speech,5.86
2023-01-31 02:00:49,"Inside, small room",8.2
2023-01-31 02:00:50,Noise,8.2
2023-01-31 02:00:53,Synthesizer,26.17
2023-01-31 02:00:54,Vehicle,3.12
2023-01-31 02:00:57,"Inside, small room",8.2
2023-01-31 02:00:58,"Inside, small room",4.3
2023-01-31 02:01:02,Synthesizer,14.84
2023-01-31 02:01:03,Speech,3.12
2023-01-31 02:01:05,Music,5.86
2023-01-31 02:01:06,Cacophony,4.3
2023-01-31 02:01:10,Cacophony,14.84
2023-01-31 02:01:11,Noise,14.84
2023-01-31 02:01:14,Synthesizer,26.17
2023-01-31 02:01:15,White noise,4.3
2023-01-31 02:01:18,Speech,8.2
2023-01-31 02:01:19,Speech,3.12
2023-01-31 02:01:21,Speech,5.86
2023-01-31 02:01:22,Speech,5.86
2023-01-31 02:01:23,Speech,19.92
2023-01-31 02:01:25,Speech,10.94
2023-01-31 02:01:26,Speech,8.2
2023-01-31 02:01:27,Speech,4.3
2023-01-31 02:01:29,Speech,10.94
2023-01-31 02:01:30,Speech,8.2
2023-01-31 02:01:31,Speech,3.12
2023-01-31 02:01:33,Speech,8.2
2023-01-31 02:01:34,Speech,3.12
2023-01-31 02:01:35,"Inside, small room",5.86
2023-01-31 02:01:36,Door,5.86
2023-01-31 02:01:40,Cacophony,10.94
2023-01-31 02:01:41,Speech,5.86
2023-01-31 02:01:43,"Inside, small room",10.94
2023-01-31 02:01:44,Speech,8.2
2023-01-31 02:01:46,Cat,8.2
2023-01-31 02:01:48,Noise,10.94
2023-01-31 02:01:51,Microwave oven,4.3
2023-01-31 02:01:52,Speech,3.12
2023-01-31 02:01:54,Synthesizer,10.94
2023-01-31 02:01:55,Speech,4.3
2023-01-31 02:01:58,Synthesizer,5.86
2023-01-31 02:01:59,Speech,4.3
2023-01-31 02:02:01,Speech,8.2
2023-01-31 02:02:02,"Inside, small room",4.3
2023-01-31 02:02:04,Speech,4.3
2023-01-31 02:02:06,"Inside, small room",10.94
2023-01-31 02:02:07,Noise,33.2
2023-01-31 02:02:10,"Inside, small room",5.86
2023-01-31 02:02:11,Speech,3.12
2023-01-31 02:02:14,"Inside, small room",5.86
2023-01-31 02:02:15,Speech,5.86
2023-01-31 02:02:17,"Inside, small room",4.3
2023-01-31 02:02:18,Speech,5.86
2023-01-31 02:02:21,Speech,8.2
2023-01-31 02:02:22,Vehicle,3.12
2023-01-31 02:02:23,"Inside, small room",4.3
2023-01-31 02:02:26,Synthesizer,26.17
2023-01-31 02:02:27,Speech,4.3
2023-01-31 02:02:30,"Inside, small room",4.3
2023-01-31 02:02:31,Speech,4.3
2023-01-31 02:02:33,Keyboard (musical),5.86
2023-01-31 02:02:34,Mechanisms,4.3
2023-01-31 02:02:38,Microwave oven,4.3
2023-01-31 02:02:39,Speech,4.3
2023-01-31 02:02:41,"Inside, small room",5.86
2023-01-31 02:02:42,Speech,5.86
2023-01-31 02:02:45,Speech,8.2
2023-01-31 02:02:46,Vehicle,4.3
2023-01-31 02:02:47,Speech,5.86
2023-01-31 02:02:49,"Inside, small room",5.86
2023-01-31 02:02:50,Synthesizer,8.2
2023-01-31 02:02:54,Speech,5.86
2023-01-31 02:02:55,"Inside, small room",5.86
2023-01-31 02:02:56,Speech,5.86
2023-01-31 02:02:59,Speech,5.86
2023-01-31 02:03:00,Cacophony,5.86
2023-01-31 02:03:01,Aircraft,5.86
2023-01-31 02:03:04,Synthesizer,19.92
2023-01-31 02:03:06,Speech,8.2
2023-01-31 02:03:08,Speech,4.3
2023-01-31 02:03:09,Speech,4.3
2023-01-31 02:03:10,Speech,4.3
2023-01-31 02:03:12,Speech,10.94
2023-01-31 02:03:13,Speech,10.94
2023-01-31 02:03:14,Speech,14.84
2023-01-31 02:03:16,Speech,26.17
2023-01-31 02:03:17,"Inside, small room",8.2
2023-01-31 02:03:18,Speech,19.92
2023-01-31 02:03:21,Speech,8.2
2023-01-31 02:03:22,Speech,3.12
2023-01-31 02:03:23,Speech,5.86
2023-01-31 02:03:25,Speech,5.86
2023-01-31 02:03:26,Speech,14.84
2023-01-31 02:03:27,Speech,4.3
2023-01-31 02:03:29,Speech,4.3
2023-01-31 02:03:30,Speech,5.86
2023-01-31 02:03:31,Speech,19.92
2023-01-31 02:03:33,Vehicle,4.3
2023-01-31 02:03:34,Speech,4.3
2023-01-31 02:03:37,Speech,3.12
2023-01-31 02:03:39,Microwave oven,8.2
2023-01-31 02:03:40,Speech,5.86
2023-01-31 02:04:18,Speech,5.86
2023-01-31 02:04:19,"Inside, small room",4.3
2023-01-31 02:04:21,"Inside, small room",4.3
2023-01-31 02:09:21,Speech,4.3
2023-01-31 02:09:22,Speech,4.3
2023-01-31 02:09:24,Speech,4.3
2023-01-31 02:09:25,Speech,4.3
2023-01-31 02:09:26,Speech,4.3
2023-01-31 02:09:28,Speech,4.3
2023-01-31 02:09:29,Speech,4.3
2023-01-31 02:09:30,Speech,4.3
2023-01-31 02:09:32,Speech,4.3
2023-01-31 02:09:33,Speech,4.3
2023-01-31 02:09:34,Speech,4.3
2023-01-31 02:09:36,Speech,4.3
2023-01-31 02:09:37,Speech,4.3
2023-01-31 02:09:38,Speech,4.3
2023-01-31 02:09:40,Speech,4.3
2023-01-31 02:09:41,Speech,4.3
2023-01-31 02:09:42,Speech,4.3
2023-01-31 02:09:44,Speech,4.3
2023-01-31 02:09:45,Speech,4.3
2023-01-31 02:09:46,Speech,4.3
2023-01-31 02:09:48,Speech,4.3
2023-01-31 02:09:49,Speech,4.3
2023-01-31 02:09:50,Speech,4.3
2023-01-31 02:09:52,Speech,4.3
2023-01-31 02:09:53,Speech,4.3
2023-01-31 02:09:54,Speech,4.3
2023-01-31 02:09:56,Speech,4.3
2023-01-31 02:09:57,Speech,4.3
2023-01-31 02:09:58,Speech,4.3
2023-01-31 02:10:00,Speech,4.3
2023-01-31 02:10:01,Speech,4.3
2023-01-31 02:10:04,Speech,4.3
2023-01-31 02:10:16,Speech,4.3
2023-01-31 02:10:18,Speech,4.3
2023-01-31 02:10:21,Speech,4.3
2023-01-31 02:10:24,Speech,4.3
2023-01-31 02:10:26,Speech,4.3
2023-01-31 02:10:29,Speech,4.3
2023-01-31 02:10:32,Speech,4.3
2023-01-31 02:10:35,Speech,4.3
2023-01-31 02:10:40,Speech,4.3
2023-01-31 02:10:42,Speech,4.3
2023-01-31 02:10:46,Speech,4.3
2023-01-31 02:10:51,Speech,4.3
2023-01-31 02:10:54,Speech,4.3
2023-01-31 02:11:00,Speech,4.3
2023-01-31 02:11:06,Speech,4.3
2023-01-31 02:11:16,Speech,4.3
2023-01-31 02:11:25,Speech,4.3
2023-01-31 02:15:07,Speech,4.3
2023-01-31 02:15:10,Speech,4.3
2023-01-31 02:15:46,Speech,4.3
2023-01-31 02:22:58,Speech,4.3
2023-01-31 02:23:07,Speech,4.3
2023-01-31 02:24:41,Speech,4.3
2023-01-31 02:28:12,Speech,4.3
2023-01-31 02:28:45,Speech,4.3
2023-01-31 02:28:51,Speech,4.3
2023-01-31 02:38:40,Speech,4.3
2023-01-31 02:41:08,Speech,4.3
2023-01-31 02:41:57,Speech,4.3
2023-01-31 02:42:30,Speech,4.3
2023-01-31 02:42:39,Speech,4.3
2023-01-31 02:44:44,Speech,4.3
2023-01-31 02:45:45,Speech,4.3
2023-01-31 02:47:58,Speech,4.3
2023-01-31 02:57:01,Speech,4.3
2023-01-31 03:06:02,Speech,4.3
2023-01-31 03:11:33,Speech,4.3
2023-01-31 03:16:52,Speech,4.3
